{
    "textures": {
        "particle": "minecraftbyexample:blocks/mbe06b_redstone_target",
        "wood": "blocks/planks_oak",
        "target": "minecraftbyexample:blocks/mbe06b_redstone_target"
    },
    "elements": [
        {   "from": [ 0, 0, 15 ],
            "to": [ 16, 16, 16 ],
            "faces": {
                "down":  { "uv": [  0,  0, 16,  1 ], "texture": "#wood" },
                "up":    { "uv": [  0, 15, 16, 16 ], "texture": "#wood" },
                "north": { "uv": [  0, 0, 16, 16 ], "texture": "#target" },
                "south": { "uv": [  0, 0, 16, 16 ], "texture": "#wood" },
                "west":  { "uv": [ 15, 0, 16, 16 ], "texture": "#wood" },
                "east":  { "uv": [  0, 0,  1, 16 ], "texture": "#wood" }
            }
        }
    ]
}
