{
  "ambientocclusion": false,
  "textures": {
    "down": "minecraftbyexample:blocks/mbe05_block_3d_web",
    "up": "minecraftbyexample:blocks/mbe05_block_3d_web",
    "north": "minecraftbyexample:blocks/mbe05_block_3d_web",
    "south": "minecraftbyexample:blocks/mbe05_block_3d_web",
    "east": "minecraftbyexample:blocks/mbe05_block_3d_web",
    "west": "minecraftbyexample:blocks/mbe05_block_3d_web"
  },
  "elements": [
    {  "from": [5.5, 5.5, 5.5],
      "to": [10.5, 10.5, 10.5],
      "faces": {
        "down": {"uv": [ 5, 5, 10, 10], "texture": "#down"},
        "up": {"uv": [ 5, 5, 10, 10], "texture": "#up"},
        "north": {"uv": [ 0, 0, 5, 5], "texture": "#north"},
        "south": {"uv": [ 0, 0, 5, 5], "texture": "#south"},
        "west": {"uv": [ 11, 11, 16, 16], "texture": "#west"},
        "east": {"uv": [ 11, 11, 16, 16], "texture": "#east"}
      }
    }
  ]
}