{
    "ambientocclusion": false,
    "textures": {
        "particle": "blocks/lapis_block",
        "base": "blocks/lapis_block",
        "pole": "blocks/stone"
    },

    "elements": [
        {   "from": [ 2, 0, 0 ],
            "to": [ 14, 1, 16 ],
            "shade": false,
            "faces": {
                "down": {
                    "uv": [
                        2,
                        0,
                        14,
                        16
                    ],
                    "texture": "#base"
                },
                "up": {
                    "uv": [
                        2,
                        0,
                        14,
                        16
                    ],
                    "texture": "#base"
                },
                "east": {
                    "uv": [
                        16,
                        0,
                        0,
                        1
                    ],
                    "texture": "#base"
                },
                "west": {
                    "uv": [
                        0,
                        0,
                        16,
                        1
                    ],
                    "texture": "#base"
                },
                "north": {
                    "uv": [
                        14,
                        0,
                        2,
                        1
                    ],
                    "texture": "#base"
                },
                "south": {
                    "uv": [
                        2,
                        0,
                        14,
                        1
                    ],
                    "texture": "#base"
                }
            }
        },
        {   "from": [ 7, 1, 6 ],
            "to": [ 9, 8, 10 ],
            "shade": false,
            "faces": {
                "up": {
                    "uv": [
                        7,
                        6,
                        9,
                        10
                    ],
                    "texture": "#pole"
                },
                "east": {
                    "uv": [
                        6,
                        1,
                        10,
                        8
                    ],
                    "texture": "#pole"
                },
                "west": {
                    "uv": [
                        6,
                        1,
                        10,
                        8
                    ],
                    "texture": "#pole"
                },
                "north": {
                    "uv": [
                        7,
                        1,
                        9,
                        8
                    ],
                    "texture": "#pole"
                },
                "south": {
                    "uv": [
                        7,
                        1,
                        9,
                        8
                    ],
                    "texture": "#pole"
                }
            }
        }
    ]
}
