{
  "parent": "minecraftbyexample:block/mbe06c_block_redstone_meter_model",
  "display": {
    "thirdperson_righthand": {
      "rotation": [ 75, 45, 0 ],
      "translation": [ 0.00, 2.50, 0.00 ],
      "scale": [ 0.37, 0.37, 0.37 ]
    },
    "thirdperson_lefthand": {
      "rotation": [ 75, 45, 0 ],
      "translation": [ 0.00, 2.50, 0.00 ],
      "scale": [ 0.37, 0.37, 0.37 ]
    },
    "firstperson_righthand": {
      "rotation": [ 0, 45, 0 ],
      "translation": [ 0.00, 2.75, -0.00 ],
      "scale": [ 0.40, 0.40, 0.40 ]
    },
    "firstperson_lefthand": {
      "rotation": [ -180, -45, -180 ],
      "translation": [ 0.00, 3.25, 0.00 ],
      "scale": [ 0.40, 0.40, 0.40 ]
    },
    "gui": {
      "rotation": [ -150, -45, 180 ],
      "translation": [ -0.00, 0.00, 0.00 ],
      "scale": [ 0.62, 0.62, 0.63 ]
    },
    "head": {
      "rotation": [ 0, 0, 0 ],
      "translation": [ 0.00, 0.00, 0.00 ],
      "scale": [ 1.00, 1.00, 1.00 ]
    },
    "fixed": {
      "rotation": [ 0, 0, 0 ],
      "translation": [ 0.00, 0.00, 0.00 ],
      "scale": [ 0.50, 0.50, 0.50 ]
    },
    "ground": {
      "rotation": [ 0, 0, 0 ],
      "translation": [ 0.00, 3.00, 0.00 ],
      "scale": [ 0.25, 0.25, 0.25 ]
    }
  }
}