{
    "parent": "builtin/generated",
    "textures": {
        "layer0": "minecraftbyexample:items/mbe13_item_tools_item_icon"
    },
  "display": {
    "thirdperson_righthand": {
      "rotation": [ 32, 90, 0 ],
      "translation": [ -0.25, 5.25, -1.00 ],
      "scale": [ 0.61, 0.61, 0.61 ]
    },
    "thirdperson_lefthand": {
      "rotation": [ -61, 90, 0 ],
      "translation": [ 0.50, 4.75, -1.25 ],
      "scale": [ 0.61, 0.61, 0.61 ]
    },
    "firstperson_righthand": {
      "rotation": [ 295, 276, 10 ],
      "translation": [ 1.13, 3.95, -0.12 ],
      "scale": [ 0.68, 0.68, 0.68 ]
    },
    "firstperson_lefthand": {
      "rotation": [ -83, 90, 0 ],
      "translation": [ 1.13, 3.20, 1.13 ],
      "scale": [ 0.68, 0.68, 0.68 ]
    },
    "gui": {
      "rotation": [ 0, 0, 0 ],
      "translation": [ 0.00, 0.00, 0.00 ],
      "scale": [ 1.00, 1.00, 1.00 ]
    },
    "head": {
      "rotation": [ 0, 0, 0 ],
      "translation": [ 0.00, 0.00, 0.00 ],
      "scale": [ 1.00, 1.00, 1.00 ]
    },
    "fixed": {
      "rotation": [ 0, 0, 0 ],
      "translation": [ 0.00, 0.00, 0.00 ],
      "scale": [ 1.00, 1.00, 1.00 ]
    },
    "ground": {
      "rotation": [ 0, 0, 0 ],
      "translation": [ 0.00, 4.00, 0.00 ],
      "scale": [ 0.60, 0.60, 0.60 ]
    }
  }
}
